&,Constraint[DateTime],c1: Constraint[DateTime],c2: Constraint[DateTime],
&,Constraint[EventSpec],c1: Constraint[EventSpec],c2: Constraint[EventSpec],
&,Constraint[Event],c1: Constraint[Event],c2: Constraint[Event],
+,Number,x: Number,y: Number,
-,Number,x: Number,y: Number,
<,Boolean,x: DateTime,y: DateTime,
<,Boolean,x: Number,y: Number,
<,Boolean,x: Temperature,y: Temperature,
<,Boolean,x: Time,y: Time,
<=,Boolean,x: DateTime,y: DateTime,
==,Boolean,x: Constraint[DateTime],y: Constraint[DateTime],
==,Boolean,x: Constraint[Date],y: Constraint[Date],
==,Boolean,x: Constraint[List[Recipient]],y: Constraint[List[Recipient]],
==,Boolean,x: Date,y: Date,
==,Boolean,x: DayOfWeek,y: DayOfWeek,
==,Boolean,x: Duration,y: Duration,
==,Boolean,x: Event,y: Event,
==,Boolean,x: LocationKeyphrase,y: LocationKeyphrase,
==,Boolean,x: Number,y: Number,
==,Boolean,x: Recipient,y: Recipient,
==,Boolean,x: ResponseStatus,y: ResponseStatusType,
==,Boolean,x: ResponseStatusType,y: ResponseStatusType,
==,Boolean,x: ShowAsStatus,y: ShowAsStatus,
==,Boolean,x: String,y: String,
==,Boolean,x: Time,y: Time,
>,Boolean,x: DateTime,y: DateTime,
>,Boolean,x: Duration,y: Duration,
>,Boolean,x: Number,y: Number,
>,Boolean,x: Temperature,y: Temperature,
>,Boolean,x: Velocity,y: Velocity,
>=,Boolean,x: Duration,y: Duration,
>=,Boolean,x: Number,y: Number,
>=,Boolean,x: Temperature,y: Temperature,
?<,Constraint[DateTime],reference: DateTime,
?<,Constraint[Date],reference: Date,
?<,Constraint[DayOfWeek],reference: DayOfWeek,
?<,Constraint[Duration],reference: Duration,
?<,Constraint[Time],reference: Time,
?<=,Constraint[DateTime],reference: DateTime,
?<=,Constraint[Time],reference: Time,
?=,Constraint[Boolean],reference: Boolean,
?=,Constraint[CreateCommitEvent],reference: CreateCommitEvent,
?=,Constraint[DateTime],reference: DateTime,
?=,Constraint[Date],reference: Date,
?=,Constraint[DayOfWeek],reference: DayOfWeek,
?=,Constraint[Duration],reference: Duration,
?=,Constraint[EventId],reference: EventId,
?=,Constraint[Event],reference: Event,
?=,Constraint[List[Attendee]],reference: List[Attendee],
?=,Constraint[LocationKeyphrase],reference: LocationKeyphrase,
?=,Constraint[Month],reference: Month,
?=,Constraint[Number],reference: Number,
?=,Constraint[Place],reference: Place,
?=,Constraint[Recipient],reference: Recipient,
?=,Constraint[ResponseStatus],reference: ResponseStatus,
?=,Constraint[ShowAsStatus],reference: ShowAsStatus,
?=,Constraint[String],reference: String,
?=,Constraint[Time],reference: Time,
?>,Constraint[DateTime],reference: DateTime,
?>,Constraint[Date],reference: Date,
?>,Constraint[Duration],reference: Duration,
?>,Constraint[Time],reference: Time,
?>=,Constraint[DateTime],reference: DateTime,
?>=,Constraint[Duration],reference: Duration,
?>=,Constraint[Time],reference: Time,
?~=,Constraint[String],reference: String,
Acouple,Number,
ActionIntensionConstraint,Constraint[CalflowIntension[DateTime]],
ActionIntensionConstraint,Constraint[CalflowIntension[Dynamic]],
ActionIntensionConstraint,Constraint[CalflowIntension[Event]],
ActionIntensionConstraint,Constraint[CalflowIntension[List[Person]]],
ActionIntensionConstraint,Constraint[CalflowIntension[Person]],
ActionIntensionConstraint,Constraint[CalflowIntension[Place]],
ActionIntensionConstraint,Constraint[CalflowIntension[Recipient]],
ActionIntensionConstraint,Constraint[CalflowIntension[UpdateEventResponse]],
ActionIntensionConstraint,Constraint[CalflowIntension[WeatherTable]],
Afew,Number,
Afternoon,Constraint[Time],
AgentStillHere,Unit,
AlwaysFalseConstraint,Constraint[Date],
AlwaysFalseConstraint,Constraint[List[Attendee]],
AlwaysFalseConstraint,Constraint[LocationKeyphrase],
AlwaysFalseConstraint,Constraint[ShowAsStatus],
AlwaysTrueConstraint,Constraint[Boolean],
AlwaysTrueConstraint,Constraint[Constraint[DateTime]],
AlwaysTrueConstraint,Constraint[Constraint[Date]],
AlwaysTrueConstraint,Constraint[Constraint[Event]],
AlwaysTrueConstraint,Constraint[Constraint[List[Attendee]]],
AlwaysTrueConstraint,Constraint[Constraint[Point]],
AlwaysTrueConstraint,Constraint[Constraint[Recipient]],
AlwaysTrueConstraint,Constraint[Constraint[Time]],
AlwaysTrueConstraint,Constraint[DateTime],
AlwaysTrueConstraint,Constraint[Date],
AlwaysTrueConstraint,Constraint[DayOfWeek],
AlwaysTrueConstraint,Constraint[Duration],
AlwaysTrueConstraint,Constraint[Dynamic],
AlwaysTrueConstraint,Constraint[EventId],
AlwaysTrueConstraint,Constraint[Event],
AlwaysTrueConstraint,Constraint[Holiday],
AlwaysTrueConstraint,Constraint[Length],
AlwaysTrueConstraint,Constraint[List[Attendee]],
AlwaysTrueConstraint,Constraint[List[Event]],
AlwaysTrueConstraint,Constraint[LocationKeyphrase],
AlwaysTrueConstraint,Constraint[Month],
AlwaysTrueConstraint,Constraint[Number],
AlwaysTrueConstraint,Constraint[PersonName],
AlwaysTrueConstraint,Constraint[Place],
AlwaysTrueConstraint,Constraint[Recipient],
AlwaysTrueConstraint,Constraint[RespondComment],
AlwaysTrueConstraint,Constraint[RespondShouldSend],
AlwaysTrueConstraint,Constraint[ResponseStatusType],
AlwaysTrueConstraint,Constraint[ShowAsStatus],
AlwaysTrueConstraint,Constraint[String],
AlwaysTrueConstraint,Constraint[Temperature],
AlwaysTrueConstraint,Constraint[Time],
AlwaysTrueConstraint,Constraint[WeatherTable],
AroundDateTime,Constraint[DateTime],dateTime: DateTime,
AtPlace,Constraint[Point],place: Place,
AttendeeFromEvent,Attendee,event: Event,recipient: Recipient,
AttendeeListExcludesRecipient,Constraint[List[Attendee]],recipient: Constraint[Recipient],
AttendeeListHasPeople,Constraint[List[Attendee]],people: List[Person],
AttendeeListHasPeopleAnyOf,Constraint[List[Attendee]],people: List[Person],
AttendeeListHasRecipient,Constraint[List[Attendee]],recipient: Recipient,
AttendeeListHasRecipientConstraint,Constraint[List[Attendee]],recipientConstraint: Constraint[Recipient],
AttendeeListHasRecipientWithType,Constraint[List[Attendee]],recipient: Recipient,type: AttendeeType,
AttendeeResponseStatus,ResponseStatus,attendee: Attendee,
AttendeesWithNotResponse,List[Attendee],attendees: List[Attendee],response: ResponseStatusType,
AttendeesWithResponse,List[Attendee],attendees: List[Attendee],response: ResponseStatusType,
BottomResult,Number,
Breakfast,Time,
Brunch,Time,
CancelScreen,Unit,
ChooseCreateEvent,CalflowIntension[Dynamic],index: Number,intension: CalflowIntension[Dynamic],
ChooseCreateEventFromConstraint,CalflowIntension[Dynamic],constraint: Constraint[Event],intension: CalflowIntension[Dynamic],
ChooseCreateEventFromConstraintWrapper,Dynamic,constraint: Constraint[Event],
ChooseCreateEventWrapper,Dynamic,index: Number,
ChoosePersonFromConstraintWrapper,Dynamic,constraint: Constraint[Recipient],
ChooseUpdateEvent,CalflowIntension[UpdateEventResponse],index: Number,intension: CalflowIntension[UpdateEventResponse],
ChooseUpdateEventFromConstraintWrapper,Dynamic,constraint: Constraint[Event],
ChooseUpdateEventWrapper,Dynamic,index: Number,
ClobberWrapper,Constraint[List[Attendee]],oldLocation: Constraint[CalflowIntension[Constraint[Event]]],new: Constraint[Event],
ClobberWrapper,Constraint[Person],oldLocation: Constraint[CalflowIntension[Constraint[Event]]],new: Constraint[Event],
ClobberWrapper,Constraint[Recipient],oldLocation: Constraint[CalflowIntension[Constraint[Event]]],new: Constraint[Event],
ClobberWrapper,Dynamic,oldLocation: Constraint[CalflowIntension[Constraint[Event]]],new: Constraint[Event],
ClobberWrapper,QueryEventResponse,oldLocation: Constraint[CalflowIntension[Constraint[Event]]],new: Constraint[Event],
ClosestDay,Date,date: Date,day: Number,
ClosestDayOfWeek,Date,date: Date,dow: DayOfWeek,
ClosestMonthDayToDate,Date,day: Number,month: Month,date: Date,
ConfirmAndReturnAction,CalflowIntension[Dynamic],
ConfirmCreateAndReturnAction,CalflowIntension[CreateEventResponse],constraint: Constraint[Event],
ConfirmDeleteAndReturnAction,CalflowIntension[DeleteEventResponse],constraint: Constraint[Event],
ConfirmUpdateAndReturnActionIntension,CalflowIntension[Dynamic],constraint: Constraint[Event],
Constraint.apply,Constraint[CreateCommitEvent],lambda: Lambda[CreateCommitEvent_Boolean],
Constraint.apply,Constraint[DateTime],lambda: Lambda[DateTime_Boolean],
Constraint.apply,Constraint[Date],lambda: Lambda[Date_Boolean],
Constraint.apply,Constraint[EventSpec],lambda: Lambda[EventSpec_Boolean],
Constraint.apply,Constraint[Event],lambda: Lambda[Event_Boolean],
ConstraintTypeIntension,Constraint[CalflowIntension[Constraint[DateTime]]],
ConstraintTypeIntension,Constraint[CalflowIntension[Constraint[Date]]],
ConstraintTypeIntension,Constraint[CalflowIntension[Constraint[Event]]],
ConstraintTypeIntension,Constraint[CalflowIntension[Constraint[Recipient]]],
ConstraintTypeIntension,Constraint[CalflowIntension[Constraint[Time]]],
ConvertTimeToAM,Time,time: Time,
ConvertTimeToPM,Time,time: Time,
CreateAddPerson,Recipient,name: PersonName,
CreateCommitEvent.data,EventSpec,obj: CreateCommitEvent,
CreateCommitEventWrapper,CreateEventResponse,event: CreateCommitEvent,
CreatePreflightEventWrapper,CreateCommitEvent,constraint: Constraint[Event],
CurrentUser,Person,
Date.day,Number,obj: Date,
Date.dayOfWeek,DayOfWeek,date: Date,
Date.month,Month,obj: Date,
Date.year,Number,obj: Date,
DateAndConstraint,Constraint[Date],date1: Date,date2: Date,
DateAtTimeWithDefaults,DateTime,date: Date,time: Time,
DateTime.date,Date,obj: DateTime,
DateTime.time,Time,obj: DateTime,
DateTimeAndConstraint,Constraint[DateTime],dateTime1: DateTime,dateTime2: DateTime,
DateTimeAndConstraintBetweenEvents,Constraint[DateTime],event1: Event,event2: Event,
DateTimeConstraint,Constraint[DateTime],constraint: Constraint[Time],date: Date,
DateTimeFromDowConstraint,Constraint[DateTime],dowConstraint: Constraint[DayOfWeek],time: Time,
DeleteCommitEventWrapper,DeleteEventResponse,event: DeleteCommitEvent,
DeletePreflightEventWrapper,DeleteCommitEvent,id: EventId,
DeleteWrapper,DeleteEventResponse,findArg: Event,
Dinner,Time,
DoNotConfirm,Unit,
DowOfWeekNew,Date,dow: DayOfWeek,week: Constraint[Date],
DowToDowOfWeek,Constraint[Date],day1: DayOfWeek,day2: DayOfWeek,week: Constraint[Date],
Earliest,Number,
Early,Constraint[Time],
EarlyDateRange,Constraint[Date],dateRange: Constraint[Date],
EarlyTimeRange,Constraint[Time],timeRange: Constraint[Time],
EmptyStructConstraint,Constraint[CreateCommitEvent],
EmptyStructConstraint,Constraint[DateTime],
EmptyStructConstraint,Constraint[Date],
EmptyStructConstraint,Constraint[EventId],
EmptyStructConstraint,Constraint[Event],
EmptyStructConstraint,Constraint[FenceScope],
EmptyStructConstraint,Constraint[Place],
EmptyStructConstraint,Constraint[PleasantryCalendar],
EmptyStructConstraint,Constraint[QueryEventResponse],
EmptyStructConstraint,Constraint[Recipient],
EmptyStructConstraint,Constraint[Time],
EmptyStructConstraint,Constraint[WeatherTablePlaces],
EndOfWorkDay,Time,
Evening,Constraint[Time],
Event.attendees,List[Attendee],obj: Event,
Event.duration,Duration,obj: Event,
Event.end,DateTime,obj: Event,
Event.id,EventId,obj: Event,
Event.isAllDay,Boolean,obj: Event,
Event.isOneOnOne,Boolean,obj: Event,
Event.location,LocationKeyphrase,obj: Event,
Event.organizer,Recipient,obj: Event,
Event.responseStatus,ResponseStatus,obj: Event,
Event.showAs,ShowAsStatus,obj: Event,
Event.start,DateTime,obj: Event,
Event.subject,String,obj: Event,
EventAfterDateTime,Constraint[Event],event: Constraint[Event],dateTime: DateTime,
EventAllDayDateUntilDate,Constraint[Event],endDate: Date,event: Constraint[Event],startDate: Date,
EventAllDayForDateRange,Constraint[Event],event: Constraint[Event],dateRange: Constraint[Date],
EventAllDayOnDate,Constraint[Event],event: Constraint[Event],date: Date,
EventAllDayStartingDateForPeriod,Constraint[Event],event: Constraint[Event],startDate: Date,period: Period,
EventAtTime,Constraint[Event],event: Constraint[Event],time: Time,
EventAttendance,AttendanceResponse,comment: RespondComment,event: Event,response: ResponseStatusType,
EventAttendance,AttendanceResponse,comment: RespondComment,event: Event,response: ResponseStatusType,sendResponse: RespondShouldSend,
EventAttendance,AttendanceResponse,event: Event,response: ResponseStatusType,
EventAttendance,AttendanceResponse,event: Event,response: ResponseStatusType,sendResponse: RespondShouldSend,
EventBeforeDateTime,Constraint[Event],dateTime: DateTime,event: Constraint[Event],
EventBetweenEvents,Constraint[Event],event: Constraint[Event],event1: Event,event2: Event,
EventDuringRange,Constraint[Event],event: Constraint[Event],range: Constraint[Date],
EventDuringRangeDateTime,Constraint[Event],event: Constraint[Event],range: Constraint[DateTime],
EventDuringRangeTime,Constraint[Event],event: Constraint[Event],timeRange: Constraint[Time],
EventForRestOfToday,Constraint[Event],event: Constraint[Event],
EventOnDate,Constraint[Event],date: Date,event: Constraint[Event],
EventOnDate,Constraint[Event],date: Dynamic,event: Constraint[Event],
EventOnDateAfterTime,Constraint[Event],date: Date,event: Constraint[Event],time: Time,
EventOnDateBeforeTime,Constraint[Event],date: Date,event: Constraint[Event],time: Time,
EventOnDateFromTimeToTime,Constraint[Event],date: Date,event: Constraint[Event],time1: Time,time2: Time,
EventOnDateTime,Constraint[Event],dateTime: DateTime,event: Constraint[Event],
EventOnDateWithTimeRange,Constraint[Event],event: Constraint[Event],timeRange: Constraint[Time],
EventRescheduled,Constraint[Event],event: Constraint[Event],
EventSometimeOnDate,Constraint[Event],date: Date,event: Constraint[Event],
EventSpec.attendees,List[Attendee],obj: EventSpec,
EventSpec.start,DateTime,obj: EventSpec,
Execute,Constraint[Event],intension: CalflowIntension[Constraint[Event]],
Execute,CreateCommitEvent,intension: CalflowIntension[CreateCommitEvent],
Execute,CreateEventResponse,intension: CalflowIntension[CreateEventResponse],
Execute,Date,intension: CalflowIntension[Date],
Execute,DateTime,intension: CalflowIntension[DateTime],
Execute,DeleteEventResponse,intension: CalflowIntension[DeleteEventResponse],
Execute,Duration,intension: CalflowIntension[Duration],
Execute,Dynamic,intension: CalflowIntension[Dynamic],
Execute,Event,intension: CalflowIntension[Event],
Execute,EventId,intension: CalflowIntension[EventId],
Execute,Holiday,intension: CalflowIntension[Holiday],
Execute,Length,intension: CalflowIntension[Length],
Execute,List[Attendee],intension: CalflowIntension[List[Attendee]],
Execute,List[Person],intension: CalflowIntension[List[Person]],
Execute,LocationKeyphrase,intension: CalflowIntension[LocationKeyphrase],
Execute,Person,intension: CalflowIntension[Person],
Execute,Place,intension: CalflowIntension[Place],
Execute,QueryEventResponse,intension: CalflowIntension[QueryEventResponse],
Execute,Recipient,intension: CalflowIntension[Recipient],
Execute,String,intension: CalflowIntension[String],
Execute,Temperature,intension: CalflowIntension[Temperature],
Execute,Time,intension: CalflowIntension[Time],
Execute,UpdateEventResponse,intension: CalflowIntension[UpdateEventResponse],
Execute,WeatherTable,intension: CalflowIntension[WeatherTable],
Execute,WeatherTablePlaces,intension: CalflowIntension[WeatherTablePlaces],
FenceAggregation,Unit,
FenceAttendee,Unit,
FenceComparison,Unit,
FenceConditional,Unit,
FenceConferenceRoom,Unit,
FenceDateTime,Unit,
FenceGibberish,Unit,
FenceMultiAction,Unit,
FenceNavigation,Unit,
FenceOther,Unit,
FencePeopleQa,Unit,
FencePlaces,Unit,
FenceRecurring,Unit,
FenceReminder,Unit,
FenceScope,Unit,
FenceSpecify,Unit,
FenceSwitchTabs,Unit,
FenceTeams,Unit,
FenceTriviaQa,Unit,
FenceWeather,Unit,
FindAddPerson,Constraint[List[Attendee]],name: PersonName,
FindEventWrapperWithDefaults,QueryEventResponse,constraint: Constraint[Event],
FindLastEvent,Event,constraint: Constraint[Event],
FindManager,Recipient,recipient: Recipient,
FindNumNextEventWrapper,Event,constraint: Constraint[Event],number: Number,
FindPlace,Place,keyphrase: LocationKeyphrase,
FindPlaceAtHere,PlaceSearchResponse,place: LocationKeyphrase,radiusConstraint: Constraint[Point],
FindPlaceMultiResults,PlaceSearchResponse,place: LocationKeyphrase,
FindReports,List[Person],recipient: Recipient,
FindTeamOf,List[Person],recipient: Recipient,
ForwardEventWrapper,Unit,event: Event,recipients: List[Recipient],
FullMonthofLastMonth,Constraint[Date],
FullMonthofMonth,Constraint[Date],month: Month,
FullMonthofMonth,Constraint[Date],month: Month,year: Number,
FullMonthofPreviousMonth,Constraint[Date],month: Month,
FullYearofYear,Constraint[Date],year: Number,
Future,Constraint[Date],
GenericPleasantry,Unit,
GreaterThanFromStructDateTime,Constraint[DateTime],dateTimeConstraint: Constraint[DateTime],
Here,Place,
HolidayYear,Date,holiday: Holiday,year: Number,
HourMilitary,Time,hours: Number,
HourMinuteAm,Time,hours: Number,minutes: Number,
HourMinuteMilitary,Time,hours: Number,minutes: Number,
HourMinutePm,Time,hours: Number,minutes: Number,
IsBusy,Boolean,eventCandidates: EventCandidatesWithAndWithoutConflicts,
IsCloudy,Boolean,table: WeatherTable,
IsCold,Boolean,table: WeatherTable,
IsFree,Boolean,eventCandidates: EventCandidatesWithAndWithoutConflicts,
IsHighUV,Boolean,table: WeatherTable,
IsHot,Boolean,table: WeatherTable,
IsRainy,Boolean,table: WeatherTable,
IsSnowy,Boolean,table: WeatherTable,
IsStormy,Boolean,table: WeatherTable,
IsSunny,Boolean,table: WeatherTable,
IsTeamsMeeting,Boolean,event: Event,
IsWindy,Boolean,table: WeatherTable,
Lambda.construct,Lambda[CreateCommitEvent_Boolean],arg0: CreateCommitEvent,body: Boolean,
Lambda.construct,Lambda[DateTime_Boolean],arg0: DateTime,body: Boolean,
Lambda.construct,Lambda[Date_Boolean],arg0: Date,body: Boolean,
Lambda.construct,Lambda[EventSpec_Boolean],arg0: EventSpec,body: Boolean,
Lambda.construct,Lambda[Event_Boolean],arg0: Event,body: Boolean,
LastDayOfMonth,Date,month: Month,
LastDuration,Constraint[DateTime],periodDuration: PeriodDuration,
LastPeriod,Constraint[Date],period: Period,
LastWeekNew,Constraint[Date],
LastWeekendOfMonth,Constraint[Date],month: Month,
LastYear,Number,
Late,Constraint[Time],
LateAfternoon,Constraint[Time],
LateDateRange,Constraint[Date],dateRange: Constraint[Date],
LateMorning,Constraint[Time],
LateTimeRange,Constraint[Time],timeRange: Constraint[Time],
Later,Constraint[DateTime],
Latest,Number,
LessThanFromStructDateTime,Constraint[DateTime],dateTimeConstraint: Constraint[DateTime],
List.Nil,List[Recipient],
LocationKeyphrase.apply,LocationKeyphrase,inner: String,
Lunch,Time,
MD,Date,day: Number,month: Month,
MDY,Date,day: Number,month: Month,year: Number,
Midnight,Time,
MonthDayToDay,Constraint[Date],month: Month,num1: Number,num2: Number,
Morning,Constraint[Time],
NeedsJacket,Boolean,table: WeatherTable,
NewClobber,CalflowIntension[Dynamic],intension: CalflowIntension[Dynamic],slotConstraint: Constraint[CalflowIntension[Constraint[DateTime]]],value: CalflowIntension[Constraint[DateTime]],
NewClobber,CalflowIntension[Dynamic],intension: CalflowIntension[Dynamic],slotConstraint: Constraint[CalflowIntension[Constraint[Recipient]]],value: CalflowIntension[Constraint[Recipient]],
NewClobber,CalflowIntension[Dynamic],intension: CalflowIntension[Dynamic],slotConstraint: Constraint[CalflowIntension[Constraint[String]]],value: CalflowIntension[Constraint[String]],
NewClobber,CalflowIntension[Dynamic],intension: CalflowIntension[Dynamic],slotConstraint: Constraint[CalflowIntension[RespondComment]],value: CalflowIntension[RespondComment],
NewClobber,CalflowIntension[Dynamic],intension: CalflowIntension[Dynamic],slotConstraint: Constraint[CalflowIntension[RespondShouldSend]],value: CalflowIntension[RespondShouldSend],
NewClobber,CalflowIntension[Dynamic],intension: CalflowIntension[Dynamic],slotConstraint: Constraint[CalflowIntension[ResponseStatusType]],value: CalflowIntension[ResponseStatusType],
NewClobberWrapper,Constraint[Person],oldArg: Constraint[CalflowIntension[Constraint[Recipient]]],newArg: Constraint[Recipient],
NewClobberWrapper,Constraint[Recipient],oldArg: Constraint[CalflowIntension[Constraint[Recipient]]],newArg: Constraint[Recipient],
NewClobberWrapper,Dynamic,oldArg: Constraint[CalflowIntension[Constraint[DateTime]]],newArg: Constraint[DateTime],
NewClobberWrapper,Dynamic,oldArg: Constraint[CalflowIntension[Constraint[Date]]],newArg: Constraint[Date],
NewClobberWrapper,Dynamic,oldArg: Constraint[CalflowIntension[Constraint[Event]]],newArg: Constraint[Event],
NewClobberWrapper,Dynamic,oldArg: Constraint[CalflowIntension[Constraint[List[Attendee]]]],newArg: Constraint[List[Attendee]],
NewClobberWrapper,Dynamic,oldArg: Constraint[CalflowIntension[Constraint[LocationKeyphrase]]],newArg: Constraint[LocationKeyphrase],
NewClobberWrapper,Dynamic,oldArg: Constraint[CalflowIntension[Constraint[Point]]],newArg: Constraint[Point],
NewClobberWrapper,Dynamic,oldArg: Constraint[CalflowIntension[Constraint[Recipient]]],newArg: Constraint[Recipient],
NewClobberWrapper,Dynamic,oldArg: Constraint[CalflowIntension[Constraint[ShowAsStatus]]],newArg: Constraint[ShowAsStatus],
NewClobberWrapper,Dynamic,oldArg: Constraint[CalflowIntension[Constraint[String]]],newArg: Constraint[String],
NewClobberWrapper,Dynamic,oldArg: Constraint[CalflowIntension[Constraint[Time]]],newArg: Constraint[Time],
NewClobberWrapper,Dynamic,oldArg: Constraint[CalflowIntension[DateTime]],newArg: DateTime,
NewClobberWrapper,Dynamic,oldArg: Constraint[CalflowIntension[Date]],newArg: Date,
NewClobberWrapper,Dynamic,oldArg: Constraint[CalflowIntension[EventId]],newArg: EventId,
NewClobberWrapper,Dynamic,oldArg: Constraint[CalflowIntension[LocationKeyphrase]],newArg: LocationKeyphrase,
NewClobberWrapper,Dynamic,oldArg: Constraint[CalflowIntension[Number]],newArg: Number,
NewClobberWrapper,Dynamic,oldArg: Constraint[CalflowIntension[Recipient]],newArg: Recipient,
NewClobberWrapper,Dynamic,oldArg: Constraint[CalflowIntension[RespondComment]],newArg: RespondComment,
NewClobberWrapper,Dynamic,oldArg: Constraint[CalflowIntension[RespondShouldSend]],newArg: RespondShouldSend,
NewClobberWrapper,Dynamic,oldArg: Constraint[CalflowIntension[ResponseStatusType]],newArg: ResponseStatusType,
NewClobberWrapper,Dynamic,oldArg: Constraint[CalflowIntension[Time]],newArg: Time,
NextDOW,Date,dow: DayOfWeek,
NextHolidayFromToday,Date,holiday: Holiday,
NextMonth,Month,
NextPeriod,Constraint[Date],period: Period,
NextPeriodDuration,Constraint[DateTime],periodDuration: PeriodDuration,
NextTime,DateTime,time: Time,
NextWeekList,Constraint[Date],
NextWeekend,Constraint[Date],
NextYear,Number,
Night,Constraint[Time],
Noon,Time,
Now,DateTime,
NumberAM,Time,number: Number,
NumberInDefaultTempUnits,Temperature,number: Number,
NumberOrdinal,Number,number: Number,
NumberPM,Time,number: Number,
NumberWeekFromEndOfMonth,Constraint[Date],number: Number,month: Month,
NumberWeekOfMonth,Constraint[Date],number: Number,month: Month,
OnDateAfterTime,Constraint[DateTime],date: Date,time: Time,
OnDateBeforeTime,Constraint[DateTime],date: Date,time: Time,
Path.apply,Path,inner: String,
PathAndTypeConstraint,Constraint[CalflowIntension[CreateCommitEvent]],path: Path,constraint: Constraint[CalflowIntension[CreateCommitEvent]],
PathAndTypeConstraint,Constraint[CalflowIntension[DateTime]],path: Path,constraint: Constraint[CalflowIntension[DateTime]],
PathAndTypeConstraint,Constraint[CalflowIntension[Date]],path: Path,constraint: Constraint[CalflowIntension[Date]],
PathAndTypeConstraint,Constraint[CalflowIntension[Event]],path: Path,constraint: Constraint[CalflowIntension[Event]],
PathAndTypeConstraint,Constraint[CalflowIntension[LocationKeyphrase]],path: Path,constraint: Constraint[CalflowIntension[LocationKeyphrase]],
PathAndTypeConstraint,Constraint[CalflowIntension[Time]],path: Path,constraint: Constraint[CalflowIntension[Time]],
PeriodBeforeDate,Date,date: Date,period: Period,
PeriodDuration.apply,PeriodDuration,period: Period,duration: Duration,
PeriodDurationBeforeDateTime,DateTime,dateTime: DateTime,periodDuration: PeriodDuration,
Person.emailAddress,String,obj: Person,
Person.officeLocation,String,obj: Person,
Person.phoneNumber,String,obj: Person,
PersonFromRecipient,Person,recipient: Recipient,
PersonName.apply,PersonName,name: String,
PersonOnTeam,Boolean,person: Person,team: List[Person],
PersonWithNameLike,Constraint[Person],constraint: Constraint[Person],name: PersonName,
Place.formattedAddress,String,obj: Place,
Place.hours,List[OpenPeriod],obj: Place,
Place.phoneNumber,String,obj: Place,
Place.price,Money,obj: Place,
Place.rating,Number,obj: Place,
Place.url,String,obj: Place,
PlaceDescribableLocation,Place,place: Place,
PlaceHasFeature,Boolean,feature: PlaceFeature,place: Place,
PlaceSearchResponse.results,List[Place],obj: PlaceSearchResponse,
PleasantryAnythingElseCombined,Unit,
PleasantryCalendar,Unit,
QueryEventIntensionConstraint,Constraint[CalflowIntension[Constraint[Event]]],
QueryEventResponse.results,List[Event],obj: QueryEventResponse,
RecipientAvailability,EventCandidatesWithAndWithoutConflicts,eventConstraint: Constraint[Event],includingMe: Boolean,
RecipientFromRecipientConstraint,Recipient,constraint: Constraint[Recipient],
RecipientWithNameLike,Constraint[Recipient],constraint: Constraint[Recipient],name: PersonName,
RepeatAgent,Unit,
RespondComment.apply,RespondComment,inner: String,
RespondShouldSend.apply,RespondShouldSend,inner: Boolean,
ResponseStatus.response,ResponseStatusType,obj: ResponseStatus,
ResponseWrapper,Boolean,attendee: Attendee,response: ResponseStatusType,
ReviseConstraint,CalflowIntension[Dynamic],rootLocation: CalflowIntension[Dynamic],oldLocation: Constraint[CalflowIntension[Constraint[Event]]],new: Constraint[Event],
SeasonFall,Constraint[Date],
SeasonSpring,Constraint[Date],
SeasonSummer,Constraint[Date],
SeasonWinter,Constraint[Date],
SetOtherOrganizer,Constraint[Event],eventConstraint: Constraint[Event],recipient: Recipient,
Some,Option[Event],x: Event,
Some,Option[Number],x: Number,
Some,Option[RespondComment],x: RespondComment,
Some,Option[RespondShouldSend],x: RespondShouldSend,
Some,Option[ResponseStatusType],x: ResponseStatusType,
ThisWeek,Constraint[Date],
ThisWeekend,Constraint[Date],
TimeAfterDateTime,DateTime,dateTime: DateTime,time: Time,
TimeAround,Constraint[Time],time: Time,
TimeBeforeDateTime,DateTime,dateTime: DateTime,time: Time,
TimeSinceEvent,PeriodDuration,event: Event,
TimeToTime,Constraint[Time],time1: Time,time2: Time,
Today,Date,
Tomorrow,Date,
TopResult,Number,
UpdateCommitEventWrapper,UpdateEventResponse,event: UpdateCommitEvent,
UpdateEventIntensionConstraint,Constraint[CalflowIntension[Constraint[Event]]],
UpdatePreflightEventWrapper,UpdateCommitEvent,id: EventId,update: Constraint[Event],
UpdateWrapper,UpdateEventResponse,findArg: Event,updateArg: Constraint[Event],
UserPauseResponse,Unit,
WeatherAggregate,Angle,quantifier: WeatherQuantifier,property: Lambda[WeatherTable_Angle],table: WeatherTable,
WeatherAggregate,DateTime,quantifier: WeatherQuantifier,property: Lambda[WeatherTable_DateTime],table: WeatherTable,
WeatherAggregate,Dimensionless,quantifier: WeatherQuantifier,property: Lambda[WeatherTable_Dimensionless],table: WeatherTable,
WeatherAggregate,Length,quantifier: WeatherQuantifier,property: Lambda[WeatherTable_Length],table: WeatherTable,
WeatherAggregate,Number,quantifier: WeatherQuantifier,property: Lambda[WeatherTable_Number],table: WeatherTable,
WeatherAggregate,Pressure,quantifier: WeatherQuantifier,property: Lambda[WeatherTable_Pressure],table: WeatherTable,
WeatherAggregate,Temperature,quantifier: WeatherQuantifier,property: Lambda[WeatherTable_Temperature],table: WeatherTable,
WeatherAggregate,Velocity,quantifier: WeatherQuantifier,property: Lambda[WeatherTable_Velocity],table: WeatherTable,
WeatherForEvent,WeatherTable,event: Event,
WeatherPleasantry,Unit,
WeatherQueryApi,WeatherTable,place: Constraint[Point],time: Constraint[DateTime],
WeekOfDateNew,Constraint[Date],date: Date,
Weekdays,Constraint[DayOfWeek],
Weekend,Constraint[DayOfWeek],
WeekendOfDate,Constraint[Date],date: Date,
WeekendOfMonth,Constraint[Date],num: Number,month: Month,
WhenProperty,List[DateTime],property: Lambda[WeatherTable_Dimensionless],quantifier: WeatherQuantifier,wt: WeatherTable,
WhenProperty,List[DateTime],property: Lambda[WeatherTable_Temperature],quantifier: WeatherQuantifier,wt: WeatherTable,
WhenProperty,List[DateTime],property: Lambda[WeatherTable_Velocity],quantifier: WeatherQuantifier,wt: WeatherTable,
WillRain,Boolean,table: WeatherTable,
WillSleet,Boolean,table: WeatherTable,
WillSnow,Boolean,table: WeatherTable,
Yesterday,Date,
Yield,Unit,output: Angle,
Yield,Unit,output: AttendanceResponse,
Yield,Unit,output: Boolean,
Yield,Unit,output: ClientCommand,
Yield,Unit,output: Constraint[Boolean],
Yield,Unit,output: Constraint[Event],
Yield,Unit,output: Constraint[List[Attendee]],
Yield,Unit,output: Constraint[Person],
Yield,Unit,output: Constraint[Recipient],
Yield,Unit,output: Constraint[ResponseStatus],
Yield,Unit,output: CreateCommitEvent,
Yield,Unit,output: CreateEventResponse,
Yield,Unit,output: Date,
Yield,Unit,output: DateTime,
Yield,Unit,output: DayOfWeek,
Yield,Unit,output: DeleteCommitEvent,
Yield,Unit,output: DeleteEventResponse,
Yield,Unit,output: Dimensionless,
Yield,Unit,output: Duration,
Yield,Unit,output: Dynamic,
Yield,Unit,output: Event,
Yield,Unit,output: EventCandidatesWithAndWithoutConflicts,
Yield,Unit,output: EventId,
Yield,Unit,output: Length,
Yield,Unit,output: List[Attendee],
Yield,Unit,output: List[DateTime],
Yield,Unit,output: List[Event],
Yield,Unit,output: List[OpenPeriod],
Yield,Unit,output: List[Person],
Yield,Unit,output: List[Place],
Yield,Unit,output: LocationKeyphrase,
Yield,Unit,output: Money,
Yield,Unit,output: Number,
Yield,Unit,output: PeriodDuration,
Yield,Unit,output: Person,
Yield,Unit,output: Place,
Yield,Unit,output: PlaceSearchResponse,
Yield,Unit,output: Pressure,
Yield,Unit,output: QueryEventResponse,
Yield,Unit,output: Recipient,
Yield,Unit,output: ResponseStatus,
Yield,Unit,output: ResponseStatusType,
Yield,Unit,output: ShowAsStatus,
Yield,Unit,output: String,
Yield,Unit,output: Temperature,
Yield,Unit,output: Time,
Yield,Unit,output: Unit,
Yield,Unit,output: UpdateCommitEvent,
Yield,Unit,output: UpdateEventResponse,
Yield,Unit,output: Velocity,
Yield,Unit,output: WeatherTable,
Yield,Unit,output: WeatherTablePlaces,
addDurations,Duration,x: Duration,y: Duration,
addPeriodDurations,PeriodDuration,x: PeriodDuration,y: PeriodDuration,
addPeriods,Period,x: Period,y: Period,
adjustByDuration,Time,time: Time,duration: Duration,
adjustByPeriod,Date,date: Date,period: Period,
adjustByPeriod,Date,date: Dynamic,period: Period,
adjustByPeriodDuration,DateTime,datetime: DateTime,periodDuration: PeriodDuration,
allows,Boolean,constraint: Constraint[Boolean],value: Boolean,
allows,Boolean,constraint: Constraint[DateTime],value: DateTime,
allows,Boolean,constraint: Constraint[Date],value: Date,
allows,Boolean,constraint: Constraint[DayOfWeek],value: DayOfWeek,
allows,Boolean,constraint: Constraint[Duration],value: Duration,
allows,Boolean,constraint: Constraint[EventId],value: EventId,
allows,Boolean,constraint: Constraint[EventSpec],value: EventSpec,
allows,Boolean,constraint: Constraint[List[Attendee]],value: List[Attendee],
allows,Boolean,constraint: Constraint[LocationKeyphrase],value: LocationKeyphrase,
allows,Boolean,constraint: Constraint[Month],value: Month,
allows,Boolean,constraint: Constraint[Number],value: Number,
allows,Boolean,constraint: Constraint[Recipient],value: Recipient,
allows,Boolean,constraint: Constraint[ShowAsStatus],value: ShowAsStatus,
allows,Boolean,constraint: Constraint[String],value: String,
allows,Boolean,constraint: Constraint[Time],value: Time,
alwaysTrueConstraintConstraint,Constraint[Constraint[Event]],typeConstraint: Constraint[Event],
alwaysTrueConstraintConstraint,Constraint[Constraint[List[Attendee]]],typeConstraint: Constraint[List[Attendee]],
alwaysTrueConstraintConstraint,Constraint[Constraint[LocationKeyphrase]],typeConstraint: Constraint[LocationKeyphrase],
alwaysTrueConstraintConstraint,Constraint[Constraint[ShowAsStatus]],typeConstraint: Constraint[ShowAsStatus],
alwaysTrueConstraintConstraint,Constraint[Constraint[String]],typeConstraint: Constraint[String],
andConstraint,Constraint[CalflowIntension[Constraint[DateTime]]],constraint1: Constraint[CalflowIntension[Constraint[DateTime]]],constraint2: Constraint[CalflowIntension[Constraint[DateTime]]],
andConstraint,Constraint[CalflowIntension[Constraint[Date]]],constraint1: Constraint[CalflowIntension[Constraint[Date]]],constraint2: Constraint[CalflowIntension[Constraint[Date]]],
andConstraint,Constraint[CalflowIntension[Constraint[String]]],constraint1: Constraint[CalflowIntension[Constraint[String]]],constraint2: Constraint[CalflowIntension[Constraint[String]]],
andConstraint,Constraint[CalflowIntension[Constraint[Time]]],constraint1: Constraint[CalflowIntension[Constraint[Time]]],constraint2: Constraint[CalflowIntension[Constraint[Time]]],
andConstraint,Constraint[CalflowIntension[CreateCommitEvent]],constraint1: Constraint[CalflowIntension[CreateCommitEvent]],constraint2: Constraint[CalflowIntension[CreateCommitEvent]],
andConstraint,Constraint[CalflowIntension[DateTime]],constraint1: Constraint[CalflowIntension[DateTime]],constraint2: Constraint[CalflowIntension[DateTime]],
andConstraint,Constraint[CalflowIntension[EventId]],constraint1: Constraint[CalflowIntension[EventId]],constraint2: Constraint[CalflowIntension[EventId]],
andConstraint,Constraint[DateTime],constraint1: Constraint[DateTime],constraint2: Constraint[DateTime],
andConstraint,Constraint[Date],constraint1: Constraint[Date],constraint2: Constraint[Date],
andConstraint,Constraint[Duration],constraint1: Constraint[Duration],constraint2: Constraint[Duration],
andConstraint,Constraint[Event],constraint1: Constraint[Event],constraint2: Constraint[Event],
andConstraint,Constraint[List[Attendee]],constraint1: Constraint[List[Attendee]],constraint2: Constraint[List[Attendee]],
andConstraint,Constraint[LocationKeyphrase],constraint1: Constraint[LocationKeyphrase],constraint2: Constraint[LocationKeyphrase],
andConstraint,Constraint[ResponseStatus],constraint1: Constraint[ResponseStatus],constraint2: Constraint[ResponseStatus],
andConstraint,Constraint[Time],constraint1: Constraint[Time],constraint2: Constraint[Time],
apparentTemperature,Lambda[WeatherTable_Temperature],
append,List[Recipient],list: List[Recipient],value: Recipient,
arg,CreateCommitEvent,
arg,Date,
arg,DateTime,
arg,Event,
arg,EventSpec,
cloudCover,Lambda[WeatherTable_Dimensionless],
cursorNext,Constraint[CalflowIntension[Event]],constraint: Constraint[CalflowIntension[Event]],
cursorNext,Constraint[CalflowIntension[Place]],constraint: Constraint[CalflowIntension[Place]],
cursorPrevious,Constraint[CalflowIntension[Event]],constraint: Constraint[CalflowIntension[Event]],
defaulted_,Duration,
defaulted_,Option[DateTime],
defaulted_,Option[Number],
defaulted_,Option[RespondComment],
defaulted_,Option[RespondShouldSend],
defaulted_,Period,
dewPoint,Lambda[WeatherTable_Temperature],
exists,Constraint[List[Recipient]],constraint: Constraint[Recipient],
extensionConstraint,Constraint[CalflowIntension[Constraint[Event]]],constraint: Constraint[Constraint[Event]],
extensionConstraint,Constraint[CalflowIntension[Constraint[List[Attendee]]]],constraint: Constraint[Constraint[List[Attendee]]],
extensionConstraint,Constraint[CalflowIntension[Constraint[LocationKeyphrase]]],constraint: Constraint[Constraint[LocationKeyphrase]],
extensionConstraint,Constraint[CalflowIntension[Constraint[ShowAsStatus]]],constraint: Constraint[Constraint[ShowAsStatus]],
extensionConstraint,Constraint[CalflowIntension[Constraint[String]]],constraint: Constraint[Constraint[String]],
extensionConstraint,Constraint[CalflowIntension[CreateCommitEvent]],constraint: Constraint[CreateCommitEvent],
extensionConstraint,Constraint[CalflowIntension[DateTime]],constraint: Constraint[DateTime],
extensionConstraint,Constraint[CalflowIntension[Date]],constraint: Constraint[Date],
extensionConstraint,Constraint[CalflowIntension[Duration]],constraint: Constraint[Duration],
extensionConstraint,Constraint[CalflowIntension[EventId]],constraint: Constraint[EventId],
extensionConstraint,Constraint[CalflowIntension[Event]],constraint: Constraint[Event],
extensionConstraint,Constraint[CalflowIntension[Holiday]],constraint: Constraint[Holiday],
extensionConstraint,Constraint[CalflowIntension[Length]],constraint: Constraint[Length],
extensionConstraint,Constraint[CalflowIntension[List[Attendee]]],constraint: Constraint[List[Attendee]],
extensionConstraint,Constraint[CalflowIntension[LocationKeyphrase]],constraint: Constraint[LocationKeyphrase],
extensionConstraint,Constraint[CalflowIntension[Number]],constraint: Constraint[Number],
extensionConstraint,Constraint[CalflowIntension[Place]],constraint: Constraint[Place],
extensionConstraint,Constraint[CalflowIntension[QueryEventResponse]],constraint: Constraint[QueryEventResponse],
extensionConstraint,Constraint[CalflowIntension[Recipient]],constraint: Constraint[Recipient],
extensionConstraint,Constraint[CalflowIntension[RespondComment]],constraint: Constraint[RespondComment],
extensionConstraint,Constraint[CalflowIntension[RespondShouldSend]],constraint: Constraint[RespondShouldSend],
extensionConstraint,Constraint[CalflowIntension[ResponseStatusType]],constraint: Constraint[ResponseStatusType],
extensionConstraint,Constraint[CalflowIntension[Temperature]],constraint: Constraint[Temperature],
extensionConstraint,Constraint[CalflowIntension[Time]],constraint: Constraint[Time],
extensionConstraint,Constraint[CalflowIntension[WeatherTablePlaces]],constraint: Constraint[WeatherTablePlaces],
extensionConstraint,Constraint[CalflowIntension[WeatherTable]],constraint: Constraint[WeatherTable],
getIntraSalient,Boolean,constraint: Constraint[Boolean],
getIntraSalient,Constraint[DateTime],constraint: Constraint[Constraint[DateTime]],
getIntraSalient,Constraint[Date],constraint: Constraint[Constraint[Date]],
getIntraSalient,Constraint[Event],constraint: Constraint[Constraint[Event]],
getIntraSalient,Constraint[List[Attendee]],constraint: Constraint[Constraint[List[Attendee]]],
getIntraSalient,Constraint[Point],constraint: Constraint[Constraint[Point]],
getIntraSalient,Constraint[Recipient],constraint: Constraint[Constraint[Recipient]],
getIntraSalient,Constraint[Time],constraint: Constraint[Constraint[Time]],
getIntraSalient,Date,constraint: Constraint[Date],
getIntraSalient,DateTime,constraint: Constraint[DateTime],
getIntraSalient,DayOfWeek,constraint: Constraint[DayOfWeek],
getIntraSalient,Duration,constraint: Constraint[Duration],
getIntraSalient,Dynamic,constraint: Constraint[Dynamic],
getIntraSalient,Event,constraint: Constraint[Event],
getIntraSalient,EventId,constraint: Constraint[EventId],
getIntraSalient,List[Event],constraint: Constraint[List[Event]],
getIntraSalient,LocationKeyphrase,constraint: Constraint[LocationKeyphrase],
getIntraSalient,Month,constraint: Constraint[Month],
getIntraSalient,PersonName,constraint: Constraint[PersonName],
getIntraSalient,Place,constraint: Constraint[Place],
getIntraSalient,Recipient,constraint: Constraint[Recipient],
getIntraSalient,String,constraint: Constraint[String],
getIntraSalient,Time,constraint: Constraint[Time],
getIntraSalient,WeatherTable,constraint: Constraint[WeatherTable],
humidity,Lambda[WeatherTable_Dimensionless],
inCelsius,Temperature,quantity: Temperature,
inFahrenheit,Temperature,quantity: Temperature,
inInches,Length,quantity: Length,
inUsMilesPerHour,Velocity,quantity: Velocity,
intension,CalflowIntension[Constraint[DateTime]],extension: Constraint[DateTime],
intension,CalflowIntension[Constraint[Recipient]],extension: Constraint[Recipient],
intension,CalflowIntension[Constraint[String]],extension: Constraint[String],
intension,CalflowIntension[RespondComment],extension: RespondComment,
intension,CalflowIntension[RespondShouldSend],extension: RespondShouldSend,
intension,CalflowIntension[ResponseStatusType],extension: ResponseStatusType,
item,Event,t: Dynamic,
joinEventCommand,ClientCommand,id: EventId,
listSize,Constraint[List[Attendee]],constraint: Constraint[Number],typeConstraint: Constraint[List[Attendee]],
negate,Constraint[Boolean],constraint: Constraint[Boolean],
negate,Constraint[Date],constraint: Constraint[Date],
negate,Constraint[DayOfWeek],constraint: Constraint[DayOfWeek],
negate,Constraint[EventId],constraint: Constraint[EventId],
negate,Constraint[List[Attendee]],constraint: Constraint[List[Attendee]],
negate,Constraint[LocationKeyphrase],constraint: Constraint[LocationKeyphrase],
negate,Constraint[ShowAsStatus],constraint: Constraint[ShowAsStatus],
negate,Constraint[String],constraint: Constraint[String],
nextDayOfMonth,Date,date: Date,day: Number,
nextDayOfWeek,Date,date: Date,day: DayOfWeek,
nextHoliday,Date,date: Date,holiday: Holiday,
nextMonthDay,Date,date: Date,month: Month,day: Number,
not,Boolean,x: Boolean,
numberToIndexPath,Path,number: Number,
or,Boolean,x: Boolean,y: Boolean,
orConstraint,Constraint[DateTime],constraint1: Constraint[DateTime],constraint2: Constraint[DateTime],
orConstraint,Constraint[Date],constraint1: Constraint[Date],constraint2: Constraint[Date],
orConstraint,Constraint[List[Attendee]],constraint1: Constraint[List[Attendee]],constraint2: Constraint[List[Attendee]],
orConstraint,Constraint[ShowAsStatus],constraint1: Constraint[ShowAsStatus],constraint2: Constraint[ShowAsStatus],
orConstraint,Constraint[String],constraint1: Constraint[String],constraint2: Constraint[String],
precipProbability,Lambda[WeatherTable_Dimensionless],
pressure,Lambda[WeatherTable_Pressure],
previousDayOfMonth,Date,date: Date,day: Number,
previousDayOfWeek,Date,date: Date,day: DayOfWeek,
previousHoliday,Date,date: Date,holiday: Holiday,
previousMonthDay,Date,date: Date,month: Month,day: Number,
rainPrecipIntensity,Lambda[WeatherTable_Velocity],
rainPrecipProbability,Lambda[WeatherTable_Dimensionless],
refer,CalflowIntension[Constraint[Event]],constraint: Constraint[CalflowIntension[Constraint[Event]]],
refer,CalflowIntension[CreateCommitEvent],constraint: Constraint[CalflowIntension[CreateCommitEvent]],
refer,CalflowIntension[DateTime],constraint: Constraint[CalflowIntension[DateTime]],
refer,CalflowIntension[Date],constraint: Constraint[CalflowIntension[Date]],
refer,CalflowIntension[Duration],constraint: Constraint[CalflowIntension[Duration]],
refer,CalflowIntension[Dynamic],constraint: Constraint[CalflowIntension[Dynamic]],
refer,CalflowIntension[EventId],constraint: Constraint[CalflowIntension[EventId]],
refer,CalflowIntension[Event],constraint: Constraint[CalflowIntension[Event]],
refer,CalflowIntension[Holiday],constraint: Constraint[CalflowIntension[Holiday]],
refer,CalflowIntension[Length],constraint: Constraint[CalflowIntension[Length]],
refer,CalflowIntension[List[Attendee]],constraint: Constraint[CalflowIntension[List[Attendee]]],
refer,CalflowIntension[List[Person]],constraint: Constraint[CalflowIntension[List[Person]]],
refer,CalflowIntension[LocationKeyphrase],constraint: Constraint[CalflowIntension[LocationKeyphrase]],
refer,CalflowIntension[Person],constraint: Constraint[CalflowIntension[Person]],
refer,CalflowIntension[Place],constraint: Constraint[CalflowIntension[Place]],
refer,CalflowIntension[QueryEventResponse],constraint: Constraint[CalflowIntension[QueryEventResponse]],
refer,CalflowIntension[Recipient],constraint: Constraint[CalflowIntension[Recipient]],
refer,CalflowIntension[String],constraint: Constraint[CalflowIntension[String]],
refer,CalflowIntension[Temperature],constraint: Constraint[CalflowIntension[Temperature]],
refer,CalflowIntension[Time],constraint: Constraint[CalflowIntension[Time]],
refer,CalflowIntension[UpdateEventResponse],constraint: Constraint[CalflowIntension[UpdateEventResponse]],
refer,CalflowIntension[WeatherTablePlaces],constraint: Constraint[CalflowIntension[WeatherTablePlaces]],
refer,CalflowIntension[WeatherTable],constraint: Constraint[CalflowIntension[WeatherTable]],
roleConstraint,Constraint[CalflowIntension[Constraint[DateTime]]],path: Path,
roleConstraint,Constraint[CalflowIntension[Constraint[Date]]],path: Path,
roleConstraint,Constraint[CalflowIntension[Constraint[Point]]],path: Path,
roleConstraint,Constraint[CalflowIntension[Constraint[String]]],path: Path,
roleConstraint,Constraint[CalflowIntension[Constraint[Time]]],path: Path,
roleConstraint,Constraint[CalflowIntension[CreateCommitEvent]],path: Path,
roleConstraint,Constraint[CalflowIntension[DateTime]],path: Path,
roleConstraint,Constraint[CalflowIntension[Date]],path: Path,
roleConstraint,Constraint[CalflowIntension[Dynamic]],path: Path,
roleConstraint,Constraint[CalflowIntension[EventId]],path: Path,
roleConstraint,Constraint[CalflowIntension[LocationKeyphrase]],path: Path,
roleConstraint,Constraint[CalflowIntension[String]],path: Path,
roomRequest,Constraint[LocationKeyphrase],
do,CalflowIntension[Dynamic],arg1: Unit,arg2: CalflowIntension[Dynamic],
do,CreateCommitEvent,arg1: Constraint[List[Attendee]],arg2: CreateCommitEvent,
do,Unit,arg1: CalflowIntension[Constraint[Event]],arg2: Unit,
do,Unit,arg1: CalflowIntension[Dynamic],arg2: Unit,
do,Unit,arg1: CalflowIntension[WeatherTable],arg2: Unit,
do,Unit,arg1: Constraint[DateTime],arg2: Unit,
do,Unit,arg1: Constraint[Date],arg2: Unit,
do,Unit,arg1: Constraint[Event],arg2: Unit,
do,Unit,arg1: Constraint[List[Attendee]],arg2: Unit,
do,Unit,arg1: Constraint[Recipient],arg2: Unit,
do,Unit,arg1: Constraint[ShowAsStatus],arg2: Unit,
do,Unit,arg1: CreateEventResponse,arg2: Unit,
do,Unit,arg1: Date,arg2: Unit,
do,Unit,arg1: DateTime,arg2: Unit,
do,Unit,arg1: DeleteCommitEvent,arg2: Unit,
do,Unit,arg1: Duration,arg2: Unit,
do,Unit,arg1: Dynamic,arg2: Unit,
do,Unit,arg1: Event,arg2: Unit,
do,Unit,arg1: EventId,arg2: Unit,
do,Unit,arg1: List[Person],arg2: Unit,
do,Unit,arg1: List[Place],arg2: Unit,
do,Unit,arg1: Path,arg2: Unit,
do,Unit,arg1: Person,arg2: Unit,
do,Unit,arg1: PersonName,arg2: Unit,
do,Unit,arg1: Place,arg2: Unit,
do,Unit,arg1: PlaceSearchResponse,arg2: Unit,
do,Unit,arg1: QueryEventResponse,arg2: Unit,
do,Unit,arg1: Recipient,arg2: Unit,
do,Unit,arg1: String,arg2: Unit,
do,Unit,arg1: Time,arg2: Unit,
do,Unit,arg1: Unit,arg2: Unit,
do,Unit,arg1: UpdateCommitEvent,arg2: Unit,
do,Unit,arg1: UpdateEventResponse,arg2: Unit,
do,Unit,arg1: Velocity,arg2: Unit,
do,Unit,arg1: WeatherTable,arg2: Unit,
singleton,Event,list: List[Event],
singleton,Place,list: List[Place],
size,Number,list: List[Attendee],
size,Number,list: List[Event],
size,Number,list: List[Person],
snowPrecipAccumulation,Lambda[WeatherTable_Length],
snowPrecipIntensity,Lambda[WeatherTable_Velocity],
snowPrecipProbability,Lambda[WeatherTable_Dimensionless],
subtractDurations,Duration,x: Duration,y: Duration,
sunriseTime,Lambda[WeatherTable_DateTime],
sunsetTime,Lambda[WeatherTable_DateTime],
take,List[Event],list: List[Event],number: Number,
takeRight,List[Event],list: List[Event],number: Number,
temperature,Lambda[WeatherTable_Temperature],
toDays,Period,x: Number,
toFahrenheit,Temperature,amount: Number,
toFourDigitYear,Number,year: Number,
toHours,Duration,x: Number,
toMinutes,Duration,x: Number,
toMonth,Month,month: Number,
toMonths,Period,x: Number,
toRecipient,Recipient,person: Person,
toSeconds,Duration,x: Number,
toWeeks,Period,x: Number,
toYears,Period,x: Number,
uvIndex,Lambda[WeatherTable_Number],
visibility,Lambda[WeatherTable_Length],
windBearing,Lambda[WeatherTable_Angle],
windSpeed,Lambda[WeatherTable_Velocity],
